platform	format	family	communication	width	height	path	sha256
facebook	Feed 4:5	Programme Story	FIELD,CORE	1080	1350	04_Templates/facebook/01_Feed_4x5/01_Programme_Story.svg	df3752af7592cb6de51ad33dbb115a84133832f5cd4896ee2b3e8a750addea54
facebook	Feed 4:5	Impact Number	CORE,FIELD	1080	1350	04_Templates/facebook/01_Feed_4x5/02_Impact_Number.svg	a94f03ed5ae32dd3b78c649b406ba6aad1a8a4efe0b42e9ae9b74d7f78bb8286
facebook	Feed 4:5	Impact Dashboard	CORE,FIELD	1080	1350	04_Templates/facebook/01_Feed_4x5/03_Impact_Dashboard.svg	de23adbd9bea2b4928b8cebcca62a093079a5df5024db0e862a887c85e82dbed
facebook	Feed 4:5	Human Story	FIELD,MOMENT	1080	1350	04_Templates/facebook/01_Feed_4x5/04_Human_Story.svg	7e70960f905e8606014af9357dbaea4283a2f1e55273ca5494133dde25f9db06
facebook	Feed 4:5	Awareness / Issue	CORE,OBS	1080	1350	04_Templates/facebook/01_Feed_4x5/05_Awareness.svg	1ce4404d60e6da4df0b0253cec0f51ad152542106bfab5087c1b34a7fc5cca44
facebook	Feed 4:5	Quote / Institutional Message	HSF,CORE	1080	1350	04_Templates/facebook/01_Feed_4x5/06_Institutional_Message.svg	6d1239a9ec582e2376b333a117a9ab5044df6f2e143f36becca24827ac6d2568
facebook	Feed 4:5	Event / Programme Announcement	EVENT	1080	1350	04_Templates/facebook/01_Feed_4x5/07_Event_Announcement.svg	074626a1a00c4d0171cd9603c18dd938d7354e25b7b0780f21d369782597535f
facebook	Feed 4:5	Partnership / Recognition	HSF,EVENT	1080	1350	04_Templates/facebook/01_Feed_4x5/08_Partnership_Recognition.svg	babfef909a4dedaca38e0af9198c4418ebfdfaba999ffbe3286dc24517bebe0e
facebook	Feed 4:5	Volunteer / Recruitment	HSF,EVENT	1080	1350	04_Templates/facebook/01_Feed_4x5/09_Volunteer_Recruitment.svg	47079e1d10dc6d9eee926f413e9a1f9e164afe7ac756e037f12693298268e8d4
facebook	Feed 4:5	Support / Donation CTA	CORE,HSF	1080	1350	04_Templates/facebook/01_Feed_4x5/10_Support_CTA.svg	410b14cb4e421dc29c7dadf26a9d13362ebe7cac89594809527962e8452be158
facebook	Feed 4:5	Report / Publication	CORE,HSF	1080	1350	04_Templates/facebook/01_Feed_4x5/11_Report_Publication.svg	f27a89a9e5d71c50bd86f5687f85ba006806d9a5f99631470fe8694afe2b026a
facebook	Feed 4:5	Urgent Update / Crisis	CORE,EVENT	1080	1350	04_Templates/facebook/01_Feed_4x5/12_Urgent_Update.svg	1d19e4afe5ce59aa2f74308ec4876166c29fae4be74a4919f85af56b637c6081
facebook	Feed 4:5	Practical Guide / Community Advice	CORE,OBS	1080	1350	04_Templates/facebook/01_Feed_4x5/13_Practical_Guide.svg	344cd4025d39acb204ff4db4925ed967658d15dcc422ff99421aeb2c37c8e1bd
facebook	Feed 4:5	Myth vs Fact / Trusted Information	CORE,OBS	1080	1350	04_Templates/facebook/01_Feed_4x5/14_Myth_vs_Fact.svg	90044a2973297ea3e04030083320b43903d81ad7dd231c05a09d6ae98eb4782f
facebook	Feed 4:5	Checklist / Community Action	CORE,OBS	1080	1350	04_Templates/facebook/01_Feed_4x5/15_Checklist_Action.svg	68319bc370c0b2c4f4eebe90f92fa3d6cdb0410189f76138403afc1f9f62884f
facebook	Feed 4:5	HSF Moment	MOMENT,FIELD	1080	1350	04_Templates/facebook/01_Feed_4x5/16_HSF_Moment.svg	8c64bbc7be675ffea18d007bdebb01789f6f4ec2583368db9a6d319904b5daf4
facebook	Feed 4:5	Observance / National Day	OBS	1080	1350	04_Templates/facebook/01_Feed_4x5/17_Observance_Day.svg	1397ee427e195ed5ae2d953bfe6ce174fcdda749371b1576d6e4506c056ba3b4
facebook	Feed 4:5	Foundation Day / Milestone	HSF	1080	1350	04_Templates/facebook/01_Feed_4x5/18_Foundation_Milestone.svg	38581eaf61a4e53c00b6193708414050928294e7d9540331a202f9f9fe878dca
facebook	Feed 4:5	Field Activity	FIELD	1080	1350	04_Templates/facebook/01_Feed_4x5/19_Field_Activity.svg	34fe3cbfd750965affdbb4d8a368fb68de2f6786714a38c1bd8548b73c2b3129
facebook	Feed 4:5	Event Recap	EVENT,FIELD	1080	1350	04_Templates/facebook/01_Feed_4x5/20_Event_Recap.svg	a46cef203c77aa59aa7aaf0b43ca69509887305cbaed00f3ae9b860e659d97ac
instagram	Feed 4:5	Programme Story	FIELD,CORE	1080	1350	04_Templates/instagram/01_Feed_4x5/01_Programme_Story.svg	44bc341a258d2a1a938f7a725f6582f40d5e9a548bdcc3f95e6136147128a3df
instagram	Feed 4:5	Impact Number	CORE,FIELD	1080	1350	04_Templates/instagram/01_Feed_4x5/02_Impact_Number.svg	356d675404267ce274cbbf86cc51caf2b9cf91424a9b3e8a0f379554c30120ec
instagram	Feed 4:5	Impact Dashboard	CORE,FIELD	1080	1350	04_Templates/instagram/01_Feed_4x5/03_Impact_Dashboard.svg	f2f8fa3768b70cc9c89053bfd5e7af6c5bd67123d8c464a91fc4a435569f3a4b
instagram	Feed 4:5	Human Story	FIELD,MOMENT	1080	1350	04_Templates/instagram/01_Feed_4x5/04_Human_Story.svg	20477fa66d37ea215f5fc57e295e158cf9a24510092f78906e86b469ce789fd6
instagram	Feed 4:5	Awareness / Issue	CORE,OBS	1080	1350	04_Templates/instagram/01_Feed_4x5/05_Awareness.svg	fe0d46033456962669b67ae54ac474379600e9ac428df4d37ade2b1dcd215ccf
instagram	Feed 4:5	Quote / Institutional Message	HSF,CORE	1080	1350	04_Templates/instagram/01_Feed_4x5/06_Institutional_Message.svg	0d669249ffa9755fdbf0ea56c96b89f8cc25d7f7a7ea8f27ef8f0313d8d27dd3
instagram	Feed 4:5	Event / Programme Announcement	EVENT	1080	1350	04_Templates/instagram/01_Feed_4x5/07_Event_Announcement.svg	a35ef4cfcdb948575073e81d5d527ea8736fbfba85d86d7f6b72aba0a943d9fb
instagram	Feed 4:5	Partnership / Recognition	HSF,EVENT	1080	1350	04_Templates/instagram/01_Feed_4x5/08_Partnership_Recognition.svg	f8dce03268cd5980c89fb65afb3c0b18f8ca13d4998487f3e7ffcf99f751fe91
instagram	Feed 4:5	Volunteer / Recruitment	HSF,EVENT	1080	1350	04_Templates/instagram/01_Feed_4x5/09_Volunteer_Recruitment.svg	c3133935c86e3d74d737c665b3e7ac6264bf2f96d5f8b51226153c786dfeae2f
instagram	Feed 4:5	Support / Donation CTA	CORE,HSF	1080	1350	04_Templates/instagram/01_Feed_4x5/10_Support_CTA.svg	d07c915befb9d08ff2bf15833df117ddb9493d0a7eaeaa370397d9e990223a2d
instagram	Feed 4:5	Report / Publication	CORE,HSF	1080	1350	04_Templates/instagram/01_Feed_4x5/11_Report_Publication.svg	1cf46fc01ed36c95d421af2198a126e19f0010c5b581337dd507f75156f4bfc6
instagram	Feed 4:5	Urgent Update / Crisis	CORE,EVENT	1080	1350	04_Templates/instagram/01_Feed_4x5/12_Urgent_Update.svg	cc5c8313fb41febdc0e28407e9fad06ddc8f44974db34283d0fe77a286dd3ca6
instagram	Feed 4:5	Practical Guide / Community Advice	CORE,OBS	1080	1350	04_Templates/instagram/01_Feed_4x5/13_Practical_Guide.svg	488cbdce3a2769f070c39e567bb0380f153192a4e1ee1b06a3a8da629d2129af
instagram	Feed 4:5	Myth vs Fact / Trusted Information	CORE,OBS	1080	1350	04_Templates/instagram/01_Feed_4x5/14_Myth_vs_Fact.svg	da4dc314de38f2b26212221e0f0f135846f368cd29dfa7825be2d2347778e659
instagram	Feed 4:5	Checklist / Community Action	CORE,OBS	1080	1350	04_Templates/instagram/01_Feed_4x5/15_Checklist_Action.svg	0f25622f2d6754cf6ae8bf1e970fb2c412e21213cb4d27ec495479f995b3da7a
instagram	Feed 4:5	HSF Moment	MOMENT,FIELD	1080	1350	04_Templates/instagram/01_Feed_4x5/16_HSF_Moment.svg	3b583c0e2350bbdfef1e0289d954d1a3aba12c0f0bfb7756f94151f0f0ff76bf
instagram	Feed 4:5	Observance / National Day	OBS	1080	1350	04_Templates/instagram/01_Feed_4x5/17_Observance_Day.svg	bd60e3d0d11dd38dd81902d2d454b67e983d0bdfb9890a7180e99b49378c93b8
instagram	Feed 4:5	Foundation Day / Milestone	HSF	1080	1350	04_Templates/instagram/01_Feed_4x5/18_Foundation_Milestone.svg	0463d0a023d3e12b929a5e54624217dbabbe4d75dfdcf4fb8028616631ba53ac
instagram	Feed 4:5	Field Activity	FIELD	1080	1350	04_Templates/instagram/01_Feed_4x5/19_Field_Activity.svg	b8aac54e4710aa28abda12fa889e3e2f1e34c7ac1a574703d4cdb8eeb32d29be
instagram	Feed 4:5	Event Recap	EVENT,FIELD	1080	1350	04_Templates/instagram/01_Feed_4x5/20_Event_Recap.svg	cf1952ea147ca8cadb700cae269d457d2bf47a49ae48beadcb4e6c19837338f4
linkedin	Feed 4:5	Programme Story	FIELD,CORE	1080	1350	04_Templates/linkedin/01_Feed_4x5/01_Programme_Story.svg	bf53c27b467b12c31673b5fda00f7189604f5d8a8ac8712c00374cf0aaeec056
linkedin	Feed 4:5	Impact Number	CORE,FIELD	1080	1350	04_Templates/linkedin/01_Feed_4x5/02_Impact_Number.svg	9299aaae8b2c17844649606746f4a0fb06fcef46b0365b54f59dc85d3647831d
linkedin	Feed 4:5	Impact Dashboard	CORE,FIELD	1080	1350	04_Templates/linkedin/01_Feed_4x5/03_Impact_Dashboard.svg	03b56285a2ff82820a2eec5fa307a7c465fc4dd5806c653a404d00d78a09c7c2
linkedin	Feed 4:5	Human Story	FIELD,MOMENT	1080	1350	04_Templates/linkedin/01_Feed_4x5/04_Human_Story.svg	d5375e84b87ac949abe41933f4de53c38f67f14a58be7d69ee09eb0b627d75f0
linkedin	Feed 4:5	Awareness / Issue	CORE,OBS	1080	1350	04_Templates/linkedin/01_Feed_4x5/05_Awareness.svg	9e828547e14954d85d4ce26ecec0dfc5884874de8a25df0b02758cbbf4d54377
linkedin	Feed 4:5	Quote / Institutional Message	HSF,CORE	1080	1350	04_Templates/linkedin/01_Feed_4x5/06_Institutional_Message.svg	99495ee62b202142ad1fde142c2b5d4b1c6d63e41f30caa82a1807ee80c47b07
linkedin	Feed 4:5	Event / Programme Announcement	EVENT	1080	1350	04_Templates/linkedin/01_Feed_4x5/07_Event_Announcement.svg	41d76fa0c3e5bc56da3d0b35205cc09047196a37b6eb590208aac6db3b8df09f
linkedin	Feed 4:5	Partnership / Recognition	HSF,EVENT	1080	1350	04_Templates/linkedin/01_Feed_4x5/08_Partnership_Recognition.svg	a4e697c1ed8605be68774a0c68edee73b272ee21a73d91206c8cd74778686d16
linkedin	Feed 4:5	Volunteer / Recruitment	HSF,EVENT	1080	1350	04_Templates/linkedin/01_Feed_4x5/09_Volunteer_Recruitment.svg	59dbaafb8078ea897e3717cb6d47d0dff4fefafc8e52d4d04e1921974605b8d1
linkedin	Feed 4:5	Support / Donation CTA	CORE,HSF	1080	1350	04_Templates/linkedin/01_Feed_4x5/10_Support_CTA.svg	af2b4c6b5cf7ca153e75c8883c9a7fc221e2d2f4b654f20c1b7f73366e6c112e
linkedin	Feed 4:5	Report / Publication	CORE,HSF	1080	1350	04_Templates/linkedin/01_Feed_4x5/11_Report_Publication.svg	60ad9b3cabdeb95945a38d2cdf0676ab462614522e50e84fa0c311da7641f1a3
linkedin	Feed 4:5	Urgent Update / Crisis	CORE,EVENT	1080	1350	04_Templates/linkedin/01_Feed_4x5/12_Urgent_Update.svg	fc98b53ccfeb0e7920b1c6d757449a1796d413caf1891ececd0000e4ab7570cb
linkedin	Feed 4:5	Practical Guide / Community Advice	CORE,OBS	1080	1350	04_Templates/linkedin/01_Feed_4x5/13_Practical_Guide.svg	6a2de90a6df03446457e217de61c25e6dcb43119ef3d98393c2342c1d84061f9
linkedin	Feed 4:5	Myth vs Fact / Trusted Information	CORE,OBS	1080	1350	04_Templates/linkedin/01_Feed_4x5/14_Myth_vs_Fact.svg	a4a4e4a86c4311b50b16c0c97c3d0b0b7016345649f1eedbedff6621d5a9e9e1
linkedin	Feed 4:5	Checklist / Community Action	CORE,OBS	1080	1350	04_Templates/linkedin/01_Feed_4x5/15_Checklist_Action.svg	182ec787356b25d7ae6af101709296ad1ddadf791cc420a6ee8fe5f52489b632
linkedin	Feed 4:5	HSF Moment	MOMENT,FIELD	1080	1350	04_Templates/linkedin/01_Feed_4x5/16_HSF_Moment.svg	1c48ae380565c14ead8b67d866d556ccb9346458eccb65cfe921ba70b0da712a
linkedin	Feed 4:5	Observance / National Day	OBS	1080	1350	04_Templates/linkedin/01_Feed_4x5/17_Observance_Day.svg	1dc6fdcdda9c3a7291b11c1c3507fe915e39eae1d204f9b85f365072382a5503
linkedin	Feed 4:5	Foundation Day / Milestone	HSF	1080	1350	04_Templates/linkedin/01_Feed_4x5/18_Foundation_Milestone.svg	ff4aeb8d8a1cc66753357a94062a846de9d225a5a53daa0dc57c1e07824d13da
linkedin	Feed 4:5	Field Activity	FIELD	1080	1350	04_Templates/linkedin/01_Feed_4x5/19_Field_Activity.svg	96e95760d1d45e522a816690b08d21da55d458269e5288e2c9573cb1a86491ae
linkedin	Feed 4:5	Event Recap	EVENT,FIELD	1080	1350	04_Templates/linkedin/01_Feed_4x5/20_Event_Recap.svg	2d7ab11801a96bdd66db25c0c3540bf71ad0ce89ed2d5df35c2b51c5d3dedf6f
facebook	Feed Square	Programme Story	FIELD,CORE	1080	1080	04_Templates/facebook/02_Feed_Square/01_Programme_Story.svg	7f276ed3261c4ab6bfb7949cdfd2ebf3c3c31c8c0e66669d518bb47b378185a4
facebook	Feed Square	Impact Number	CORE,FIELD	1080	1080	04_Templates/facebook/02_Feed_Square/02_Impact_Number.svg	90d5641472aae66d89c792d0b0735144403dc235b4e01c5bc846808736e77c02
facebook	Feed Square	Quote / Institutional Message	HSF,CORE	1080	1080	04_Templates/facebook/02_Feed_Square/06_Institutional_Message.svg	989ed0654f9b343ab3dfefc027097d981b40f1290901ee9c9d5f7d14b0b90ede
facebook	Feed Square	Event / Programme Announcement	EVENT	1080	1080	04_Templates/facebook/02_Feed_Square/07_Event_Announcement.svg	a08873b8fb93306b8a7c3ea179f2d9f213125bea4df4874c65ef534f6489270e
instagram	Feed Square	Programme Story	FIELD,CORE	1080	1080	04_Templates/instagram/02_Feed_Square/01_Programme_Story.svg	e88b29a3e3e94c58c9d0d73093cbca9cf14a3048cb7a4d8cc03e0eb2fb4a7c58
instagram	Feed Square	Impact Number	CORE,FIELD	1080	1080	04_Templates/instagram/02_Feed_Square/02_Impact_Number.svg	b06960907d3765fffda868498d7e29c4ada56453d829c56887ac8d0508a6a62e
instagram	Feed Square	Quote / Institutional Message	HSF,CORE	1080	1080	04_Templates/instagram/02_Feed_Square/06_Institutional_Message.svg	cec6dd980ea200216fc86615984988e463e1a0de46a7058f1a5957f9eb4ee38f
instagram	Feed Square	Event / Programme Announcement	EVENT	1080	1080	04_Templates/instagram/02_Feed_Square/07_Event_Announcement.svg	48de99f9100a9e24f31660824ec76588b7ce02dd015b48d9b72f26ea890a334d
linkedin	Feed Square	Programme Story	FIELD,CORE	1200	1200	04_Templates/linkedin/02_Feed_Square/01_Programme_Story.svg	2ed0897733afb88e2e73aea42b003add8d9f7c12e447c75fb224a231debcfbf0
linkedin	Feed Square	Impact Number	CORE,FIELD	1200	1200	04_Templates/linkedin/02_Feed_Square/02_Impact_Number.svg	6d6f755429d99ca37de4fff61bd159f25b2dc95964313230f9650040a53d3fa6
linkedin	Feed Square	Quote / Institutional Message	HSF,CORE	1200	1200	04_Templates/linkedin/02_Feed_Square/06_Institutional_Message.svg	8fc64f965a0dd6f7b20606af20d493fc51bed12531416d3915ec14f0ac378384
linkedin	Feed Square	Event / Programme Announcement	EVENT	1200	1200	04_Templates/linkedin/02_Feed_Square/07_Event_Announcement.svg	73e6486eaa14321855723f6159fd5d00e66917b36ab29eb2b84ad99a706c23ac
linkedin	Feed Landscape 1.91:1	Event / Programme Announcement	EVENT	1200	628	04_Templates/linkedin/03_Feed_Landscape_1.91x1/07_Event_Announcement.svg	70459fde177554329de73053a8c4c6628bff6bdd6f73dd0c09155157bec1fbeb
linkedin	Feed Landscape 1.91:1	Partnership / Recognition	HSF,EVENT	1200	628	04_Templates/linkedin/03_Feed_Landscape_1.91x1/08_Partnership_Recognition.svg	a6bcc98eac96098140d6476d3e8c928b1e655c6ed25b04e076b58fe34863e78d
linkedin	Feed Landscape 1.91:1	Report / Publication	CORE,HSF	1200	628	04_Templates/linkedin/03_Feed_Landscape_1.91x1/11_Report_Publication.svg	55b41a011d2453f75a1f3aca5d984718a21a5e84ea98938f6f3350b6da807a49
linkedin	Feed Landscape 1.91:1	Observance / National Day	OBS	1200	628	04_Templates/linkedin/03_Feed_Landscape_1.91x1/17_Observance_Day.svg	6013d4e5175395f0014bac5feb4e4d5c9992d10a5acbb7da05ebc5c1dad6f93c
facebook	Carousel 4:5	01_Core_Issue_Resolution / Cover / Hook	CORE	1080	1350	04_Templates/facebook/03_Carousels/01_Core_Issue_Resolution/01_Cover_Hook.svg	435702f0059924f5f460eaf7a51b4559c1577d2d4664e0abdca3e2e76f8efeea
facebook	Carousel 4:5	01_Core_Issue_Resolution / Issue / Context	CORE	1080	1350	04_Templates/facebook/03_Carousels/01_Core_Issue_Resolution/02_Issue_Context.svg	2a84cfcd3a6e6195e45344f435c740e69fc04516078c2bc9d92032f64fc7d38f
facebook	Carousel 4:5	01_Core_Issue_Resolution / Why It Matters	CORE	1080	1350	04_Templates/facebook/03_Carousels/01_Core_Issue_Resolution/03_Why_It_Matters.svg	e45004ba25f8d9e65bb17746fe45a2302059bf016acc2dbaff9f7326214d88fd
facebook	Carousel 4:5	01_Core_Issue_Resolution / HSF Response	CORE	1080	1350	04_Templates/facebook/03_Carousels/01_Core_Issue_Resolution/04_HSF_Response.svg	346da6bb4a01e9b4a262bcbe6173190ea9edfc8e764d278917448ea02aff636c
facebook	Carousel 4:5	01_Core_Issue_Resolution / Evidence / Human	CORE	1080	1350	04_Templates/facebook/03_Carousels/01_Core_Issue_Resolution/05_Evidence_Human.svg	ece8b90b4f39422557b74670a07afafb76f21eb9b9ba329dbb38e5c8e95d7d99
facebook	Carousel 4:5	01_Core_Issue_Resolution / Action / Source	CORE	1080	1350	04_Templates/facebook/03_Carousels/01_Core_Issue_Resolution/06_Action_Source.svg	bf6dce470621aa908923e630c20e44c23e7ad11a41ab3f7322d2f52dccfb8b42
facebook	Carousel 4:5	02_Field_Event_Story / Cover	FIELD,EVENT	1080	1350	04_Templates/facebook/03_Carousels/02_Field_Event_Story/01_Cover.svg	f0dcacc88c173ad121e1c819471774343614a4afae53df6e2fabc301ffb50867
facebook	Carousel 4:5	02_Field_Event_Story / Where / When	FIELD,EVENT	1080	1350	04_Templates/facebook/03_Carousels/02_Field_Event_Story/02_Where_When.svg	16ed669005a6072fb84ec45d1e4e201be27fb8a4f7cc89e3cb7851500f3c8a11
facebook	Carousel 4:5	02_Field_Event_Story / Activity	FIELD,EVENT	1080	1350	04_Templates/facebook/03_Carousels/02_Field_Event_Story/03_Activity.svg	30ca837e983685638cc65170adc4484379bd2ed4e24ec4fc062c77da2b269de6
facebook	Carousel 4:5	02_Field_Event_Story / People	FIELD,EVENT	1080	1350	04_Templates/facebook/03_Carousels/02_Field_Event_Story/04_People.svg	fb5c7b065d97eadcec6c27c7d73415e2867370e66828638ef2360cb65f460229
facebook	Carousel 4:5	02_Field_Event_Story / Why It Matters	FIELD,EVENT	1080	1350	04_Templates/facebook/03_Carousels/02_Field_Event_Story/05_Why_It_Matters.svg	cd5a406626410a7169a6d5b4c99659bebb3cd0a9d19bb2f0e4cd0f26fdfc4f62
facebook	Carousel 4:5	02_Field_Event_Story / Result / Learning	FIELD,EVENT	1080	1350	04_Templates/facebook/03_Carousels/02_Field_Event_Story/06_Result_Learning.svg	4c6431c8cdcfb72d5fae7f8dfec16389c8a66a3ffffc182a1d118c460c7f8c84
facebook	Carousel 4:5	02_Field_Event_Story / Closing / Source	FIELD,EVENT	1080	1350	04_Templates/facebook/03_Carousels/02_Field_Event_Story/07_Closing_Source.svg	baa2aca127e4de981da4fe08c13c91395b89b71ea540758125fe22a0427ba9ff
facebook	Carousel 4:5	03_Observance / Observance Title	OBS	1080	1350	04_Templates/facebook/03_Carousels/03_Observance/01_Observance_Title.svg	842297e65b802c384287df8538663e02a4b18bfedd1716e172d35eca9a1070f5
facebook	Carousel 4:5	03_Observance / HSF Relevance	OBS	1080	1350	04_Templates/facebook/03_Carousels/03_Observance/02_HSF_Relevance.svg	62ae464a5719b7251d1e664c7d1caa79324595282539ebb1ceaebec05f1d006c
facebook	Carousel 4:5	03_Observance / Fact / Issue	OBS	1080	1350	04_Templates/facebook/03_Carousels/03_Observance/03_Fact_Issue.svg	76620c54ddf900f75bdf46e36cea163ace1120a541f9d55ae5f398829022ac14
facebook	Carousel 4:5	03_Observance / HSF Connection	OBS	1080	1350	04_Templates/facebook/03_Carousels/03_Observance/04_HSF_Connection.svg	e2a50922095f4cff5e6f4e422eb0fc0cda241e27040719fda9c6d4d933eb8a77
facebook	Carousel 4:5	03_Observance / Action / Source	OBS	1080	1350	04_Templates/facebook/03_Carousels/03_Observance/05_Action_Source.svg	64766f8538589255cd003f00aa17a0811e459d0ff1ad17195fc15573e85c163c
facebook	Carousel 4:5	04_Foundation_Memory / Anniversary	HSF	1080	1350	04_Templates/facebook/03_Carousels/04_Foundation_Memory/01_Anniversary.svg	c951e8fe9c65100686fb9c757840869d7704a0d45b28c12c42f9d731734d33be
facebook	Carousel 4:5	04_Foundation_Memory / Where We Began	HSF	1080	1350	04_Templates/facebook/03_Carousels/04_Foundation_Memory/02_Where_We_Began.svg	f18a340cb0bf96f7a5f25bbeec3162c9f3b3262228e97ebd8b6229acea05cc14
facebook	Carousel 4:5	04_Foundation_Memory / People	HSF	1080	1350	04_Templates/facebook/03_Carousels/04_Foundation_Memory/03_People.svg	17bf15d4c6e6e566e229179095bbd30d8a99eb13e970a2be8a4ff9825785c705
facebook	Carousel 4:5	04_Foundation_Memory / Milestones	HSF	1080	1350	04_Templates/facebook/03_Carousels/04_Foundation_Memory/04_Milestones.svg	d929b5e476b126139a4cde99419b32d9891f18ba0f78ed8daf1147e2f20ce215
facebook	Carousel 4:5	04_Foundation_Memory / Programmes	HSF	1080	1350	04_Templates/facebook/03_Carousels/04_Foundation_Memory/05_Programmes.svg	4b771065b622ef5ed7ed3c41940ef46b662a43a0001959433d045808a39ddc6f
facebook	Carousel 4:5	04_Foundation_Memory / Lessons	HSF	1080	1350	04_Templates/facebook/03_Carousels/04_Foundation_Memory/06_Lessons.svg	69c19992904fdeca900e274de48cea6481e88492f70eee12cc7deb25d63ee59c
facebook	Carousel 4:5	04_Foundation_Memory / Gratitude	HSF	1080	1350	04_Templates/facebook/03_Carousels/04_Foundation_Memory/07_Gratitude.svg	04af2261a8d1604eedee339cd52e37db9d28d09d42a5fbdda674d77ce0636aaa
facebook	Carousel 4:5	04_Foundation_Memory / Future / Source	HSF	1080	1350	04_Templates/facebook/03_Carousels/04_Foundation_Memory/08_Future_Source.svg	d29f90a513565d5a2c58a6dd6aecf3269349b3a99c76dbddcc321cb29cf4c6cf
instagram	Carousel 4:5	01_Core_Issue_Resolution / Cover / Hook	CORE	1080	1350	04_Templates/instagram/03_Carousels/01_Core_Issue_Resolution/01_Cover_Hook.svg	06fa9f80cdfb1ab65853fac9ba4876ddd36d8a2530e571da0d9bc9779e80f956
instagram	Carousel 4:5	01_Core_Issue_Resolution / Issue / Context	CORE	1080	1350	04_Templates/instagram/03_Carousels/01_Core_Issue_Resolution/02_Issue_Context.svg	fc838e87ff52db1d3df8fe1dd3dcfad3e3aaa2cfdc06bdce5765071163d87737
instagram	Carousel 4:5	01_Core_Issue_Resolution / Why It Matters	CORE	1080	1350	04_Templates/instagram/03_Carousels/01_Core_Issue_Resolution/03_Why_It_Matters.svg	17b3b95fac2b635ab9130c85488b93759509954d123e66ecc486b00c61ee5095
instagram	Carousel 4:5	01_Core_Issue_Resolution / HSF Response	CORE	1080	1350	04_Templates/instagram/03_Carousels/01_Core_Issue_Resolution/04_HSF_Response.svg	099b31278b6b8799270190a736372c292fe5e5515242981e8598a0aeaf4a1be0
instagram	Carousel 4:5	01_Core_Issue_Resolution / Evidence / Human	CORE	1080	1350	04_Templates/instagram/03_Carousels/01_Core_Issue_Resolution/05_Evidence_Human.svg	a928ff4c7aa81684995265f935d9bfc26fd135cd4935d78d546199412bd42b49
instagram	Carousel 4:5	01_Core_Issue_Resolution / Action / Source	CORE	1080	1350	04_Templates/instagram/03_Carousels/01_Core_Issue_Resolution/06_Action_Source.svg	470db282acba679220fecd4c063555b07ad8bfbc42dc5f9ee2248a8f1135f8de
instagram	Carousel 4:5	02_Field_Event_Story / Cover	FIELD,EVENT	1080	1350	04_Templates/instagram/03_Carousels/02_Field_Event_Story/01_Cover.svg	10b85bb1357323f8a3e25d66ad33f5f3341cabb7eada05a34242ba51b3194722
instagram	Carousel 4:5	02_Field_Event_Story / Where / When	FIELD,EVENT	1080	1350	04_Templates/instagram/03_Carousels/02_Field_Event_Story/02_Where_When.svg	4f8b41b7fa0cb4cf988a19dfb696fe0f0fe3021e714e8664ad81966d8dad1d07
instagram	Carousel 4:5	02_Field_Event_Story / Activity	FIELD,EVENT	1080	1350	04_Templates/instagram/03_Carousels/02_Field_Event_Story/03_Activity.svg	8c4db2f4cbc26bddead6fbf15651dad4ffbc8abf346c1e02186a2ce48bac6204
instagram	Carousel 4:5	02_Field_Event_Story / People	FIELD,EVENT	1080	1350	04_Templates/instagram/03_Carousels/02_Field_Event_Story/04_People.svg	604a30b7319f600eeb545d56dceba0aae9220f6301b4649f27606fa24a63479e
instagram	Carousel 4:5	02_Field_Event_Story / Why It Matters	FIELD,EVENT	1080	1350	04_Templates/instagram/03_Carousels/02_Field_Event_Story/05_Why_It_Matters.svg	accf7cea884eed96053af6f26c9879742c5dce1d033a036c7352a306aedc5334
instagram	Carousel 4:5	02_Field_Event_Story / Result / Learning	FIELD,EVENT	1080	1350	04_Templates/instagram/03_Carousels/02_Field_Event_Story/06_Result_Learning.svg	6ff3cbb6567549c5804ec1a54a5c1d23cdd973efba23707cc89d6a1deb6a5971
instagram	Carousel 4:5	02_Field_Event_Story / Closing / Source	FIELD,EVENT	1080	1350	04_Templates/instagram/03_Carousels/02_Field_Event_Story/07_Closing_Source.svg	5fcd38c9db5c5055f87950c014a322c8ffcb65cd184b104c7c64cc54752d5d17
instagram	Carousel 4:5	03_Observance / Observance Title	OBS	1080	1350	04_Templates/instagram/03_Carousels/03_Observance/01_Observance_Title.svg	7d34653012cc9a48f7d9a51315d4eac6cd5cbc18fc7fa3b382bb1ae5f74421c9
instagram	Carousel 4:5	03_Observance / HSF Relevance	OBS	1080	1350	04_Templates/instagram/03_Carousels/03_Observance/02_HSF_Relevance.svg	0a3ba589d7709945c7ed3a325e9a1cee0a89263e584d05c5a29e880affdac1f7
instagram	Carousel 4:5	03_Observance / Fact / Issue	OBS	1080	1350	04_Templates/instagram/03_Carousels/03_Observance/03_Fact_Issue.svg	7e37b3666a28aefd5a2202401348c159997b776d1cb3df17396d60b7fe72eb49
instagram	Carousel 4:5	03_Observance / HSF Connection	OBS	1080	1350	04_Templates/instagram/03_Carousels/03_Observance/04_HSF_Connection.svg	150938658f22e2a00c4f5ab5f033cb5ff525714769b922dd21bd60b612806e78
instagram	Carousel 4:5	03_Observance / Action / Source	OBS	1080	1350	04_Templates/instagram/03_Carousels/03_Observance/05_Action_Source.svg	6ca9806f597a3a01323e1f20c2180dab49667a13205cad1c2af084566269c05d
instagram	Carousel 4:5	04_Foundation_Memory / Anniversary	HSF	1080	1350	04_Templates/instagram/03_Carousels/04_Foundation_Memory/01_Anniversary.svg	d49e27812e7fafb049960ff5bf8a07a01bfb5b8a0db40dc642e808531f5de6b6
instagram	Carousel 4:5	04_Foundation_Memory / Where We Began	HSF	1080	1350	04_Templates/instagram/03_Carousels/04_Foundation_Memory/02_Where_We_Began.svg	b37b39255b8d97161fb134b130ddc623ed821cbec20bfd8b7d204078e81470b3
instagram	Carousel 4:5	04_Foundation_Memory / People	HSF	1080	1350	04_Templates/instagram/03_Carousels/04_Foundation_Memory/03_People.svg	50e21d54e590944decf0a43f8145f5976f028bd16979e6803a1c186b051ee04f
instagram	Carousel 4:5	04_Foundation_Memory / Milestones	HSF	1080	1350	04_Templates/instagram/03_Carousels/04_Foundation_Memory/04_Milestones.svg	2ca3e832753cf248d5fd2414bbaa40b7463b34187c3b85bfc1e50b1348c9ff7b
instagram	Carousel 4:5	04_Foundation_Memory / Programmes	HSF	1080	1350	04_Templates/instagram/03_Carousels/04_Foundation_Memory/05_Programmes.svg	f440e75027abbab13d8a99f748f733dab1b99191c8268bde4ae359e7331f1acf
instagram	Carousel 4:5	04_Foundation_Memory / Lessons	HSF	1080	1350	04_Templates/instagram/03_Carousels/04_Foundation_Memory/06_Lessons.svg	72464ca6e4c90f422159242e95e819b24d5e97fd49c6c1de5ce11e5230e61ca5
instagram	Carousel 4:5	04_Foundation_Memory / Gratitude	HSF	1080	1350	04_Templates/instagram/03_Carousels/04_Foundation_Memory/07_Gratitude.svg	35cdd47e2cdb1deff99bd34fac47d884bd92f52d40244b5c7c85e716035873ac
instagram	Carousel 4:5	04_Foundation_Memory / Future / Source	HSF	1080	1350	04_Templates/instagram/03_Carousels/04_Foundation_Memory/08_Future_Source.svg	9140594f6832c85d9e635d3f9fcf4928495f4ae433137b8d85f0a327fa30c71c
linkedin	Carousel 4:5	01_Core_Issue_Resolution / Cover / Hook	CORE	1080	1350	04_Templates/linkedin/03_Carousels/01_Core_Issue_Resolution/01_Cover_Hook.svg	67d391510b17e5d3ac3455204a343b4506af9e13831aa254e7c3d3ccd76369db
linkedin	Carousel 4:5	01_Core_Issue_Resolution / Issue / Context	CORE	1080	1350	04_Templates/linkedin/03_Carousels/01_Core_Issue_Resolution/02_Issue_Context.svg	99314c4583de438c911054dd4c86fb0cb73eb7840c65613c1c9ae0cae5df0cdd
linkedin	Carousel 4:5	01_Core_Issue_Resolution / Why It Matters	CORE	1080	1350	04_Templates/linkedin/03_Carousels/01_Core_Issue_Resolution/03_Why_It_Matters.svg	c114b787d9d25235f0e19652b61a67449306f7b8af55a47a3d7a0b4b763bcc28
linkedin	Carousel 4:5	01_Core_Issue_Resolution / HSF Response	CORE	1080	1350	04_Templates/linkedin/03_Carousels/01_Core_Issue_Resolution/04_HSF_Response.svg	4bd728166108b21eae448feb642c51f0460692b4efd090996b2cac64a5429170
linkedin	Carousel 4:5	01_Core_Issue_Resolution / Evidence / Human	CORE	1080	1350	04_Templates/linkedin/03_Carousels/01_Core_Issue_Resolution/05_Evidence_Human.svg	48e7175f4b32b93d7cea3f84a64ea18ed7f33c1946ba8f4e10e4b3a033e619e6
linkedin	Carousel 4:5	01_Core_Issue_Resolution / Action / Source	CORE	1080	1350	04_Templates/linkedin/03_Carousels/01_Core_Issue_Resolution/06_Action_Source.svg	7567867f7bf1cead68459047888fc23e74203a60c7bd8ce9296a4853e9636384
linkedin	Carousel 4:5	02_Field_Event_Story / Cover	FIELD,EVENT	1080	1350	04_Templates/linkedin/03_Carousels/02_Field_Event_Story/01_Cover.svg	545ed2815ad0854b5f299cf89c204ca8303c1548e8653796c5bb507c15e51ab3
linkedin	Carousel 4:5	02_Field_Event_Story / Where / When	FIELD,EVENT	1080	1350	04_Templates/linkedin/03_Carousels/02_Field_Event_Story/02_Where_When.svg	038e2a8dcd05995703fb7fd4a5de6352320173548d03ca9fe0a9a4ec2cf011a6
linkedin	Carousel 4:5	02_Field_Event_Story / Activity	FIELD,EVENT	1080	1350	04_Templates/linkedin/03_Carousels/02_Field_Event_Story/03_Activity.svg	fbe88190581daa269ce651eac78b5773e082fea1b509b72f1b9eb38d662d9c50
linkedin	Carousel 4:5	02_Field_Event_Story / People	FIELD,EVENT	1080	1350	04_Templates/linkedin/03_Carousels/02_Field_Event_Story/04_People.svg	93b0f6f878cdeaa705ab775db493faf17ee44d20a7533c556faa13cc24d1a2b0
linkedin	Carousel 4:5	02_Field_Event_Story / Why It Matters	FIELD,EVENT	1080	1350	04_Templates/linkedin/03_Carousels/02_Field_Event_Story/05_Why_It_Matters.svg	dca100a4326f569eb62072a113b628538eb50c4cb641818fd02a3f7fb63cdca4
linkedin	Carousel 4:5	02_Field_Event_Story / Result / Learning	FIELD,EVENT	1080	1350	04_Templates/linkedin/03_Carousels/02_Field_Event_Story/06_Result_Learning.svg	2a14b74ce1e5789dbccb6ed5f6af9b60dd30b9b6b34e284cf9d11ea67ab21278
linkedin	Carousel 4:5	02_Field_Event_Story / Closing / Source	FIELD,EVENT	1080	1350	04_Templates/linkedin/03_Carousels/02_Field_Event_Story/07_Closing_Source.svg	d791fc2579366761d8dc755bf81e1324b60c0b733a0eb45e029212ba4d8f90c0
linkedin	Carousel 4:5	03_Observance / Observance Title	OBS	1080	1350	04_Templates/linkedin/03_Carousels/03_Observance/01_Observance_Title.svg	6472669785db9e98828ade6a1d5e8f74b1b1f22d07aea9ec8fd4de6beaaabb17
linkedin	Carousel 4:5	03_Observance / HSF Relevance	OBS	1080	1350	04_Templates/linkedin/03_Carousels/03_Observance/02_HSF_Relevance.svg	b00a467846235f06f8ed5d25d4bbdcf248c26b8660211d7521577390531c3d2a
linkedin	Carousel 4:5	03_Observance / Fact / Issue	OBS	1080	1350	04_Templates/linkedin/03_Carousels/03_Observance/03_Fact_Issue.svg	e45cdc9d4b63bb0041d2e4ea1f72ac8d7acc5856e9fbf7b4d62f9c32db5582cd
linkedin	Carousel 4:5	03_Observance / HSF Connection	OBS	1080	1350	04_Templates/linkedin/03_Carousels/03_Observance/04_HSF_Connection.svg	e0fdf430461c1b1ff1f6222f50482c6909d7db0e2a2e83c48c33958b1d6b65a0
linkedin	Carousel 4:5	03_Observance / Action / Source	OBS	1080	1350	04_Templates/linkedin/03_Carousels/03_Observance/05_Action_Source.svg	c7717ab111daf2cf37323a4e93944e904fdfa38865d509a4064cd7eefefb7835
linkedin	Carousel 4:5	04_Foundation_Memory / Anniversary	HSF	1080	1350	04_Templates/linkedin/03_Carousels/04_Foundation_Memory/01_Anniversary.svg	611b6f6207c51f5eef6030d6ab59d8d04343601aca1bc4b0f70e1ee1093c106d
linkedin	Carousel 4:5	04_Foundation_Memory / Where We Began	HSF	1080	1350	04_Templates/linkedin/03_Carousels/04_Foundation_Memory/02_Where_We_Began.svg	c643b7a51c069a3b04a697707a532356cb0e2a391cae889d3196f29f354b399a
linkedin	Carousel 4:5	04_Foundation_Memory / People	HSF	1080	1350	04_Templates/linkedin/03_Carousels/04_Foundation_Memory/03_People.svg	4ee9780dc47379649fbbf2df56be1ce3a31ae7b00acd821a127b6bb9299a2905
linkedin	Carousel 4:5	04_Foundation_Memory / Milestones	HSF	1080	1350	04_Templates/linkedin/03_Carousels/04_Foundation_Memory/04_Milestones.svg	da338715aabbeaac9cbef67dcdc3cb13a4eb239243c6a818a51cea886f9db4bb
linkedin	Carousel 4:5	04_Foundation_Memory / Programmes	HSF	1080	1350	04_Templates/linkedin/03_Carousels/04_Foundation_Memory/05_Programmes.svg	a4e70ea8c8bcfb93f24a6326e70d2e0d98f23dd3dd1b573e83fb6a9b0e30a4e5
linkedin	Carousel 4:5	04_Foundation_Memory / Lessons	HSF	1080	1350	04_Templates/linkedin/03_Carousels/04_Foundation_Memory/06_Lessons.svg	883647f9460ee0d4d8d79b1ac133cc8dc94d0df5a1a03620b0a71418efa4f76f
linkedin	Carousel 4:5	04_Foundation_Memory / Gratitude	HSF	1080	1350	04_Templates/linkedin/03_Carousels/04_Foundation_Memory/07_Gratitude.svg	a4a6ed34c331c01d9e17bc3a2dcae8daea1e81e3c1f4f60c57275f720b3aacb2
linkedin	Carousel 4:5	04_Foundation_Memory / Future / Source	HSF	1080	1350	04_Templates/linkedin/03_Carousels/04_Foundation_Memory/08_Future_Source.svg	4fdff85c55a9a2234cb237e91272ca8119bd22b47b70ae8488cc04a395c1d239
facebook	Vertical Motion 9:16	Opening / Hook	CORE,OVERLAY	1080	1920	04_Templates/facebook/04_Reels_9x16/01_Opening.svg	c357b91227da91c7e2bff45939498f49c55e264f38202fd5ae049d141c3020e5
facebook	Vertical Motion 9:16	Context	CORE,OVERLAY	1080	1920	04_Templates/facebook/04_Reels_9x16/02_Context.svg	1f564878c324eedbe804b694b7fc7eb9948982b39570d06ad177d39845a67dab
facebook	Vertical Motion 9:16	Evidence	CORE,OVERLAY	1080	1920	04_Templates/facebook/04_Reels_9x16/03_Evidence.svg	2248f43e5a1ccec4c208b2eb04c6a94ad6ae11924e23e187cac3bd77ec2e53a6
facebook	Vertical Motion 9:16	Human / Quote	CORE,OVERLAY	1080	1920	04_Templates/facebook/04_Reels_9x16/04_Human_Quote.svg	516cb279013d53c890b9564cce8126eaf29093997bd4a5c50b4bd5454bfb6b68
facebook	Vertical Motion 9:16	Action	CORE,OVERLAY	1080	1920	04_Templates/facebook/04_Reels_9x16/05_Action.svg	b46f911a746e6ea9aad6b3bf3c9d3049b4f6f2a9dd4aba643fb20bb0617e8252
facebook	Vertical Motion 9:16	End / Source	CORE,OVERLAY	1080	1920	04_Templates/facebook/04_Reels_9x16/06_End_Source.svg	f0914e6a296119df53abe8b5f129890b529fc98a4d28519f38811c580926809c
instagram	Vertical Motion 9:16	Opening / Hook	CORE,OVERLAY	1080	1920	04_Templates/instagram/04_Reels_9x16/01_Opening.svg	24120617251fe12989e9a33ae35261abb424a1c01dee4167e3b2946fcbcc850f
instagram	Vertical Motion 9:16	Context	CORE,OVERLAY	1080	1920	04_Templates/instagram/04_Reels_9x16/02_Context.svg	01628939b06c038e571b943a470a226a2e115aa44837b1e6b0c1c3b6b9750b93
instagram	Vertical Motion 9:16	Evidence	CORE,OVERLAY	1080	1920	04_Templates/instagram/04_Reels_9x16/03_Evidence.svg	eb9e25e722c9c53ef73b7e26e9623ed94d9c2f1392dfdc4b76d7d253887a8282
instagram	Vertical Motion 9:16	Human / Quote	CORE,OVERLAY	1080	1920	04_Templates/instagram/04_Reels_9x16/04_Human_Quote.svg	bc6922748a08a632aad0c163955882e609820b9a5a6a9c3fd52b0c5069af7dce
instagram	Vertical Motion 9:16	Action	CORE,OVERLAY	1080	1920	04_Templates/instagram/04_Reels_9x16/05_Action.svg	ba78c3b03d21a199ae0a7a3483ba318100c7cc1d606212317fb63163dd165d13
instagram	Vertical Motion 9:16	End / Source	CORE,OVERLAY	1080	1920	04_Templates/instagram/04_Reels_9x16/06_End_Source.svg	f28646c66adcc1be17252a8462d7478bafb8dd5c9b4b78fa78fd91dc029b746c
linkedin	Vertical Motion 9:16	Opening / Hook	CORE,OVERLAY	1080	1920	04_Templates/linkedin/05_Vertical_Video_9x16/01_Opening.svg	d367305e1a0474ea41092112d1b6390745a047911c847629ef4012c84164fb5c
linkedin	Vertical Motion 9:16	Context	CORE,OVERLAY	1080	1920	04_Templates/linkedin/05_Vertical_Video_9x16/02_Context.svg	139e306aa2463a64597c9f0e51faf817dc1a5531fa140fe920547ac052b311b4
linkedin	Vertical Motion 9:16	Evidence	CORE,OVERLAY	1080	1920	04_Templates/linkedin/05_Vertical_Video_9x16/03_Evidence.svg	d98d204e2c13adafcdcf4d552954c70c7dd7d42feeeca9909226eff1af10bfc7
linkedin	Vertical Motion 9:16	Human / Quote	CORE,OVERLAY	1080	1920	04_Templates/linkedin/05_Vertical_Video_9x16/04_Human_Quote.svg	588c553e39a1523d7dfb56719544017738921924d802ec2f62314776da771263
linkedin	Vertical Motion 9:16	Action	CORE,OVERLAY	1080	1920	04_Templates/linkedin/05_Vertical_Video_9x16/05_Action.svg	feda843b8dd2c7fc50263420bc778fec228623cc5abf235058e8134749dbf4e8
linkedin	Vertical Motion 9:16	End / Source	CORE,OVERLAY	1080	1920	04_Templates/linkedin/05_Vertical_Video_9x16/06_End_Source.svg	01e8d511245b9d3616d538cce8d0c17f0288967aaf981111646f3ef9978e3ace
facebook	Story 9:16	Announcement	OVERLAY,CORE	1080	1920	04_Templates/facebook/05_Stories_9x16/01_Announcement.svg	1115fc27e2d3c2936defb10aa9f8c0b5c995c209466b287a3dad569ad99e1924
facebook	Story 9:16	Impact	OVERLAY,CORE	1080	1920	04_Templates/facebook/05_Stories_9x16/02_Impact.svg	fe7beda54d3a15b4d53ed3de84c0e72fc030c52c4c517af31e5b1eb621cffe03
facebook	Story 9:16	Photo	OVERLAY,CORE	1080	1920	04_Templates/facebook/05_Stories_9x16/03_Photo.svg	d89144c49b31af9216ee341515dc1141ab26acec8a3f24b5a2abef2c0d40c9c6
facebook	Story 9:16	CTA	OVERLAY,CORE	1080	1920	04_Templates/facebook/05_Stories_9x16/04_CTA.svg	51574a21cc4c4efed708f5b6cf356e87552c5759dbe4de542ee5da38353ed888
instagram	Story 9:16	Announcement	OVERLAY,CORE	1080	1920	04_Templates/instagram/05_Stories_9x16/01_Announcement.svg	07dfd2a6f5caff4c342bba0c41f3e3bc3358d5dcf044f795425d75f816bc1036
instagram	Story 9:16	Impact	OVERLAY,CORE	1080	1920	04_Templates/instagram/05_Stories_9x16/02_Impact.svg	e66edb6b1e2cc9da908388a9502e1d47899a9ad1ce6f5803436e85eba80754b7
instagram	Story 9:16	Photo	OVERLAY,CORE	1080	1920	04_Templates/instagram/05_Stories_9x16/03_Photo.svg	fe324551c6d528f66c4155b727c9a6ab0f287f90cb37046b5ff48802cea8a744
instagram	Story 9:16	Quote	OVERLAY,CORE	1080	1920	04_Templates/instagram/05_Stories_9x16/04_Quote.svg	08f736dc3465196768b6f9ecfca3149f14863a7c491e51b33699b38460a0914b
instagram	Story 9:16	Observance	OVERLAY,CORE	1080	1920	04_Templates/instagram/05_Stories_9x16/05_Observance.svg	0139fad8126daa6fcf515b5004cd361e7c41841a17d46daf16ae43f71a1bd657
instagram	Story 9:16	CTA	OVERLAY,CORE	1080	1920	04_Templates/instagram/05_Stories_9x16/06_CTA.svg	b600d92127ffb172fe3700488ac3b26d4c57997d19952e90201b6fb37e6096e0
facebook	Page Cover 16:9	Page Cover	HSF	1920	1080	04_Templates/facebook/06_Page_Cover/HSF_Facebook_Page_Cover.svg	2d1ccc9492d21b82ae428499acbeee8ce502207ffe2496e433bafc079f0f0520
facebook	Profile Safe	Profile Safe	BRAND	1080	1080	04_Templates/facebook/07_Profile/HSF_Facebook_Profile_Safe.svg	070900919d3e43f834fd7f59ce96271a76408e2c5b747289c921269721727db7
instagram	Profile Safe	Profile Safe	BRAND	1080	1080	04_Templates/instagram/07_Profile/HSF_Instagram_Profile_Safe.svg	500825eb63ff3f24210fbfe8a4e709809ef98683c8237c671067110f3ae147bd
instagram	Reel Cover 9:16	Reel Cover	CORE,OVERLAY	1080	1920	04_Templates/instagram/06_Reel_Cover/HSF_Instagram_Reel_Cover.svg	b4bedcb502163be489f6a636020e4c2aae712367a74b660715aca1a69be72d97
linkedin	Page Cover	Page Cover	HSF	4200	700	04_Templates/linkedin/06_Page_Cover/HSF_LinkedIn_Page_Cover.svg	f12e47598d8d71442631039e3d47622ff2d0cfa86a092934203ec67b2ce3ebff
linkedin	Page Logo Safe	Page Logo Safe	BRAND	400	400	04_Templates/linkedin/07_Page_Logo/HSF_LinkedIn_Page_Logo_Safe.svg	04808f660a8824270eb4731c7d681bcea75576cd6e6ec36e17eadee33dca6415
facebook	Photo	Facebook Album Cover	FIELD,EVENT,MOMENT	1080	1350	04_Templates/facebook/08_Photo_Album/01_Album_Cover.svg	ce8fdcb41d035f5e8563405332ca0ce52291813eff0e47d29b32f34a72b8345a
facebook	Photo	Facebook Album Photo	FIELD,EVENT,MOMENT	1080	1350	04_Templates/facebook/08_Photo_Album/02_Album_Photo_Frame.svg	3a173ad4726c6cbe533956b5352657c60d3f8183dd7b1b13fd902102cbd27f01
instagram	Photo	Instagram Clean Photo	FIELD,EVENT,MOMENT	1080	1440	04_Templates/instagram/08_Photo_3x4/01_Clean_Photo.svg	7bd511cfdae754f135713339e8131cd17bff130804359d245f23e10220f4a001
instagram	Photo	Instagram Photo Caption	FIELD,EVENT,MOMENT	1080	1440	04_Templates/instagram/08_Photo_3x4/02_Photo_Caption.svg	507a19feae2fbf8a4557c0a53204618f20818aa91e12460f44e644969f4314d6
instagram	Photo	Instagram Photo Quote	FIELD,EVENT,MOMENT	1080	1440	04_Templates/instagram/08_Photo_3x4/03_Photo_Quote.svg	0187be3b2f9917c603c51e2857a9750fbcc659558cb2def06b9beedc38e938f7
instagram	Photo	Instagram Photo Evidence	FIELD,EVENT,MOMENT	1080	1440	04_Templates/instagram/08_Photo_3x4/04_Photo_Evidence.svg	f940a7fbdbfb083e9cb213a2c4fd0a130e12c0e8d62d632af0e3c995e791e9f2
linkedin	Photo	LinkedIn Multi-photo Lead	FIELD,EVENT,MOMENT	1080	1350	04_Templates/linkedin/08_Multi_Photo/01_Lead_Image.svg	67a3aa72f02d275a31649a337bae550685e774afb3fde5de5d83b01cf7794f0f
